VComment,ProjectYea,OBJECTID_1,VLPID,TileName,PointCloud,PointClo_1,PointClo_2,DEMHost,DEMDownloa,ShapeSTAre,ShapeSTLen,Shape_Length,Shape_Area
Current,2014,2288,23,17SQC2929,USGS,LAZ,"<a href=""""https://rockyweb.usgs.gov/vdelivery/Datasets/Staged/Elevation/LPC/Projects/Virginia_SANDY_QL2_LiDAR/VA_Sandy_2014/LAZ/USGS_LPC_Virginia_SANDY_QL2_LiDAR_17SQC2929.laz"""">Download LPC</a>",USGS,"<a href=""""https://prd-tnm.s3.amazonaws.com/StagedProducts/Elevation/1m/Projects/VA_Sandy_2014/TIFF/USGS_one_meter_x73y423_VA_Sandy_2014.tif"""">Download DEM Block</a>",133866.207900679990416,1675.837165615910180,1675.837165614661217,133866.207899999135407
Current,2014,2289,23,17SQC3129,USGS,LAZ,"<a href=""""https://rockyweb.usgs.gov/vdelivery/Datasets/Staged/Elevation/LPC/Projects/Virginia_SANDY_QL2_LiDAR/VA_Sandy_2014/LAZ/USGS_LPC_Virginia_SANDY_QL2_LiDAR_17SQC3129.laz"""">Download LPC</a>",USGS,"<a href=""""https://prd-tnm.s3.amazonaws.com/StagedProducts/Elevation/1m/Projects/VA_Sandy_2014/TIFF/USGS_one_meter_x73y423_VA_Sandy_2014.tif"""">Download DEM Block</a>",1875487.338326849974692,5915.317054850952445,5915.317054860292046,1875487.338334586936980
Current,2014,2290,23,17SQC3229,USGS,LAZ,"<a href=""""https://rockyweb.usgs.gov/vdelivery/Datasets/Staged/Elevation/LPC/Projects/Virginia_SANDY_QL2_LiDAR/VA_Sandy_2014/LAZ/USGS_LPC_Virginia_SANDY_QL2_LiDAR_17SQC3229.laz"""">Download LPC</a>",USGS,"<a href=""""https://prd-tnm.s3.amazonaws.com/StagedProducts/Elevation/1m/Projects/VA_Sandy_2014/TIFF/USGS_one_meter_x73y423_VA_Sandy_2014.tif"""">Download DEM Block</a>",3258724.039307484868914,7190.490719467812596,7190.490719467886265,3258724.039308642502874
Current,2014,2351,23,17SQC3227,USGS,LAZ,"<a href=""""https://rockyweb.usgs.gov/vdelivery/Datasets/Staged/Elevation/LPC/Projects/Virginia_SANDY_QL2_LiDAR/VA_Sandy_2014/LAZ/USGS_LPC_Virginia_SANDY_QL2_LiDAR_17SQC3227.laz"""">Download LPC</a>",USGS,"<a href=""""https://prd-tnm.s3.amazonaws.com/StagedProducts/Elevation/1m/Projects/VA_Sandy_2014/TIFF/USGS_one_meter_x73y423_VA_Sandy_2014.tif"""">Download DEM Block</a>",87810.163718834999599,1566.476154344749830,1566.476154343710732,87810.163719008050975
Current,2014,2352,23,17SQC3427,USGS,LAZ,"<a href=""""https://rockyweb.usgs.gov/vdelivery/Datasets/Staged/Elevation/LPC/Projects/Virginia_SANDY_QL2_LiDAR/VA_Sandy_2014/LAZ/USGS_LPC_Virginia_SANDY_QL2_LiDAR_17SQC3427.laz"""">Download LPC</a>",USGS,"<a href=""""https://prd-tnm.s3.amazonaws.com/StagedProducts/Elevation/1m/Projects/VA_Sandy_2014/TIFF/USGS_one_meter_x73y423_VA_Sandy_2014.tif"""">Download DEM Block</a>",1422085.192781965015456,5509.568879756306160,5509.568879749145708,1422085.192776823416352
Current,2014,2353,23,17SQC3528,USGS,LAZ,"<a href=""""https://rockyweb.usgs.gov/vdelivery/Datasets/Staged/Elevation/LPC/Projects/Virginia_SANDY_QL2_LiDAR/VA_Sandy_2014/LAZ/USGS_LPC_Virginia_SANDY_QL2_LiDAR_17SQC3528.laz"""">Download LPC</a>",USGS,"<a href=""""https://prd-tnm.s3.amazonaws.com/StagedProducts/Elevation/1m/Projects/VA_Sandy_2014/TIFF/USGS_one_meter_x73y423_VA_Sandy_2014.tif"""">Download DEM Block</a>",3117360.749360464978963,7085.147170055535753,7085.147170048041517,3117360.749352717772126
Current,2014,2414,23,17SQC3526,USGS,LAZ,"<a href=""""https://rockyweb.usgs.gov/vdelivery/Datasets/Staged/Elevation/LPC/Projects/Virginia_SANDY_QL2_LiDAR/VA_Sandy_2014/LAZ/USGS_LPC_Virginia_SANDY_QL2_LiDAR_17SQC3526.laz"""">Download LPC</a>",USGS,"<a href=""""https://prd-tnm.s3.amazonaws.com/StagedProducts/Elevation/1m/Projects/VA_Sandy_2014/TIFF/USGS_one_meter_x73y423_VA_Sandy_2014.tif"""">Download DEM Block</a>",43448.640121520002140,1101.894108073198367,1101.894108075568511,43448.640121908640140
Current,2014,2415,23,17SQC3726,USGS,LAZ,"<a href=""""https://rockyweb.usgs.gov/vdelivery/Datasets/Staged/Elevation/LPC/Projects/Virginia_SANDY_QL2_LiDAR/VA_Sandy_2014/LAZ/USGS_LPC_Virginia_SANDY_QL2_LiDAR_17SQC3726.laz"""">Download LPC</a>",USGS,"<a href=""""https://prd-tnm.s3.amazonaws.com/StagedProducts/Elevation/1m/Projects/VA_Sandy_2014/TIFF/USGS_one_meter_x73y423_VA_Sandy_2014.tif"""">Download DEM Block</a>",1257884.705733194947243,5336.733970481132928,5336.733970481423967,1257884.705733715090901
Current,2014,2416,23,17SQC3826,USGS,LAZ,"<a href=""""https://rockyweb.usgs.gov/vdelivery/Datasets/Staged/Elevation/LPC/Projects/Virginia_SANDY_QL2_LiDAR/VA_Sandy_2014/LAZ/USGS_LPC_Virginia_SANDY_QL2_LiDAR_17SQC3826.laz"""">Download LPC</a>",USGS,"<a href=""""https://prd-tnm.s3.amazonaws.com/StagedProducts/Elevation/1m/Projects/VA_Sandy_2014/TIFF/USGS_one_meter_x73y423_VA_Sandy_2014.tif"""">Download DEM Block</a>",2981584.566630970221013,7017.624310359841729,7017.624310355546186,2981584.566624139901251
Current,2014,2417,23,17SQC4026,USGS,LAZ,"<a href=""""https://rockyweb.usgs.gov/vdelivery/Datasets/Staged/Elevation/LPC/Projects/Virginia_SANDY_QL2_LiDAR/VA_Sandy_2014/LAZ/USGS_LPC_Virginia_SANDY_QL2_LiDAR_17SQC4026.laz"""">Download LPC</a>",USGS,"<a href=""""https://prd-tnm.s3.amazonaws.com/StagedProducts/Elevation/1m/Projects/VA_Sandy_2014/TIFF/USGS_one_meter_x74y423_VA_Sandy_2014.tif"""">Download DEM Block</a>",3640455.590706500224769,7632.007779488143569,7632.007779484261846,3640455.590702803805470
Current,2014,2472,23,17SQC3925,USGS,LAZ,"<a href=""""https://rockyweb.usgs.gov/vdelivery/Datasets/Staged/Elevation/LPC/Projects/Virginia_SANDY_QL2_LiDAR/VA_Sandy_2014/LAZ/USGS_LPC_Virginia_SANDY_QL2_LiDAR_17SQC3925.laz"""">Download LPC</a>",USGS,"<a href=""""https://prd-tnm.s3.amazonaws.com/StagedProducts/Elevation/1m/Projects/VA_Sandy_2014/TIFF/USGS_one_meter_x73y423_VA_Sandy_2014.tif"""">Download DEM Block</a>",14540.657910559999436,637.447157015631774,637.447157018753160,14540.657910621273913
Current,2014,2473,23,17SQC4025,USGS,LAZ,"<a href=""""https://rockyweb.usgs.gov/vdelivery/Datasets/Staged/Elevation/LPC/Projects/Virginia_SANDY_QL2_LiDAR/VA_Sandy_2014/LAZ/USGS_LPC_Virginia_SANDY_QL2_LiDAR_17SQC4025.laz"""">Download LPC</a>",USGS,"<a href=""""https://prd-tnm.s3.amazonaws.com/StagedProducts/Elevation/1m/Projects/VA_Sandy_2014/TIFF/USGS_one_meter_x74y423_VA_Sandy_2014.tif"""">Download DEM Block</a>",1086121.228593710111454,5113.708888174421190,5113.708888176484834,1086121.228591047227383
Current,2014,2474,23,17SQC4225,USGS,LAZ,"<a href=""""https://rockyweb.usgs.gov/vdelivery/Datasets/Staged/Elevation/LPC/Projects/Virginia_SANDY_QL2_LiDAR/VA_Sandy_2014/LAZ/USGS_LPC_Virginia_SANDY_QL2_LiDAR_17SQC4225.laz"""">Download LPC</a>",USGS,"<a href=""""https://prd-tnm.s3.amazonaws.com/StagedProducts/Elevation/1m/Projects/VA_Sandy_2014/TIFF/USGS_one_meter_x74y423_VA_Sandy_2014.tif"""">Download DEM Block</a>",2610176.745726020075381,6692.581005397087210,6692.581005396541514,2610176.745725833810866
Current,2014,2475,23,17SQC4325,USGS,LAZ,"<a href=""""https://rockyweb.usgs.gov/vdelivery/Datasets/Staged/Elevation/LPC/Projects/Virginia_SANDY_QL2_LiDAR/VA_Sandy_2014/LAZ/USGS_LPC_Virginia_SANDY_QL2_LiDAR_17SQC4325.laz"""">Download LPC</a>",USGS,"<a href=""""https://prd-tnm.s3.amazonaws.com/StagedProducts/Elevation/1m/Projects/VA_Sandy_2014/TIFF/USGS_one_meter_x74y423_VA_Sandy_2014.tif"""">Download DEM Block</a>",3605035.856224779970944,7497.543860898540515,7497.543860893607416,3605035.856222769711167
Current,2014,2530,23,17SQC4324,USGS,LAZ,"<a href=""""https://rockyweb.usgs.gov/vdelivery/Datasets/Staged/Elevation/LPC/Projects/Virginia_SANDY_QL2_LiDAR/VA_Sandy_2014/LAZ/USGS_LPC_Virginia_SANDY_QL2_LiDAR_17SQC4324.laz"""">Download LPC</a>",USGS,"<a href=""""https://prd-tnm.s3.amazonaws.com/StagedProducts/Elevation/1m/Projects/VA_Sandy_2014/TIFF/USGS_one_meter_x74y423_VA_Sandy_2014.tif"""">Download DEM Block</a>",621717.028373889974318,5693.320921271101724,5693.320921266786172,621717.028377162525430
Current,2014,2531,23,17SQC4524,USGS,LAZ,"<a href=""""https://rockyweb.usgs.gov/vdelivery/Datasets/Staged/Elevation/LPC/Projects/Virginia_SANDY_QL2_LiDAR/VA_Sandy_2014/LAZ/USGS_LPC_Virginia_SANDY_QL2_LiDAR_17SQC4524.laz"""">Download LPC</a>",USGS,"<a href=""""https://prd-tnm.s3.amazonaws.com/StagedProducts/Elevation/1m/Projects/VA_Sandy_2014/TIFF/USGS_one_meter_x74y423_VA_Sandy_2014.tif"""">Download DEM Block</a>",3580416.009044149890542,7823.739176780153684,7823.739176785515156,3580416.009048829320818
Current,2014,2586,23,17SQC4322,USGS,LAZ,"<a href=""""https://rockyweb.usgs.gov/vdelivery/Datasets/Staged/Elevation/LPC/Projects/Virginia_SANDY_QL2_LiDAR/VA_Sandy_2014/LAZ/USGS_LPC_Virginia_SANDY_QL2_LiDAR_17SQC4322.laz"""">Download LPC</a>",USGS,"<a href=""""https://prd-tnm.s3.amazonaws.com/StagedProducts/Elevation/1m/Projects/VA_Sandy_2014/TIFF/USGS_one_meter_x74y423_VA_Sandy_2014.tif"""">Download DEM Block</a>",1780013.390039464924484,5981.133834012493935,5981.133834018498419,1780013.390041723614559
Current,2014,2642,23,17SQC4220,USGS,LAZ,"<a href=""""https://rockyweb.usgs.gov/vdelivery/Datasets/Staged/Elevation/LPC/Projects/Virginia_SANDY_QL2_LiDAR/VA_Sandy_2014/LAZ/USGS_LPC_Virginia_SANDY_QL2_LiDAR_17SQC4220.laz"""">Download LPC</a>",USGS,"<a href=""""https://prd-tnm.s3.amazonaws.com/StagedProducts/Elevation/1m/Projects/VA_Sandy_2014/TIFF/USGS_one_meter_x74y423_VA_Sandy_2014.tif"""">Download DEM Block</a>",405242.885107484995387,3236.842638419212108,3236.842638426043777,405242.885108498507179
Current,2014,2643,23,17SQC4321,USGS,LAZ,"<a href=""""https://rockyweb.usgs.gov/vdelivery/Datasets/Staged/Elevation/LPC/Projects/Virginia_SANDY_QL2_LiDAR/VA_Sandy_2014/LAZ/USGS_LPC_Virginia_SANDY_QL2_LiDAR_17SQC4321.laz"""">Download LPC</a>",USGS,"<a href=""""https://prd-tnm.s3.amazonaws.com/StagedProducts/Elevation/1m/Projects/VA_Sandy_2014/TIFF/USGS_one_meter_x74y423_VA_Sandy_2014.tif"""">Download DEM Block</a>",3483079.697128669824451,7319.729513494528874,7319.729513482066977,3483079.697116842027754
Current,2014,2699,23,17SQC4219,USGS,LAZ,"<a href=""""https://rockyweb.usgs.gov/vdelivery/Datasets/Staged/Elevation/LPC/Projects/Virginia_SANDY_QL2_LiDAR/VA_Sandy_2014/LAZ/USGS_LPC_Virginia_SANDY_QL2_LiDAR_17SQC4219.laz"""">Download LPC</a>",USGS,"<a href=""""https://prd-tnm.s3.amazonaws.com/StagedProducts/Elevation/1m/Projects/VA_Sandy_2014/TIFF/USGS_one_meter_x74y422_VA_Sandy_2014.tif"""">Download DEM Block</a>",2360967.399492225144058,6588.499721029673310,6588.499721028582826,2360967.399490925483406
Current,2014,2748,23,17SQC4117,USGS,LAZ,"<a href=""""https://rockyweb.usgs.gov/vdelivery/Datasets/Staged/Elevation/LPC/Projects/Virginia_SANDY_QL2_LiDAR/VA_Sandy_2014/LAZ/USGS_LPC_Virginia_SANDY_QL2_LiDAR_17SQC4117.laz"""">Download LPC</a>",USGS,"<a href=""""https://prd-tnm.s3.amazonaws.com/StagedProducts/Elevation/1m/Projects/VA_Sandy_2014/TIFF/USGS_one_meter_x74y422_VA_Sandy_2014.tif"""">Download DEM Block</a>",846158.046969044953585,4677.276839073189876,4677.276839065372769,846158.046967149479315
Current,2014,2749,23,17SQC4217,USGS,LAZ,"<a href=""""https://rockyweb.usgs.gov/vdelivery/Datasets/Staged/Elevation/LPC/Projects/Virginia_SANDY_QL2_LiDAR/VA_Sandy_2014/LAZ/USGS_LPC_Virginia_SANDY_QL2_LiDAR_17SQC4217.laz"""">Download LPC</a>",USGS,"<a href=""""https://prd-tnm.s3.amazonaws.com/StagedProducts/Elevation/1m/Projects/VA_Sandy_2014/TIFF/USGS_one_meter_x74y422_VA_Sandy_2014.tif"""">Download DEM Block</a>",3621231.885893910191953,7539.937530487614822,7539.937530487449294,3621231.885893940459937
Current,2014,2793,23,17SQC3916,USGS,LAZ,"<a href=""""https://rockyweb.usgs.gov/vdelivery/Datasets/Staged/Elevation/LPC/Projects/Virginia_SANDY_QL2_LiDAR/VA_Sandy_2014/LAZ/USGS_LPC_Virginia_SANDY_QL2_LiDAR_17SQC3916.laz"""">Download LPC</a>",USGS,"<a href=""""https://prd-tnm.s3.amazonaws.com/StagedProducts/Elevation/1m/Projects/VA_Sandy_2014/TIFF/USGS_one_meter_x74y422_VA_Sandy_2014.tif"""">Download DEM Block</a>",113283.858772874998976,1644.428115446270567,1644.428115445705316,113283.858772459963802
Current,2014,2794,23,17SQC4116,USGS,LAZ,"<a href=""""https://rockyweb.usgs.gov/vdelivery/Datasets/Staged/Elevation/LPC/Projects/Virginia_SANDY_QL2_LiDAR/VA_Sandy_2014/LAZ/USGS_LPC_Virginia_SANDY_QL2_LiDAR_17SQC4116.laz"""">Download LPC</a>",USGS,"<a href=""""https://prd-tnm.s3.amazonaws.com/StagedProducts/Elevation/1m/Projects/VA_Sandy_2014/TIFF/USGS_one_meter_x74y422_VA_Sandy_2014.tif"""">Download DEM Block</a>",2961538.832297824788839,6989.790757123495496,6989.790757130758720,2961538.832303439732641
Current,2014,2837,23,17SQC3914,USGS,LAZ,"<a href=""""https://rockyweb.usgs.gov/vdelivery/Datasets/Staged/Elevation/LPC/Projects/Virginia_SANDY_QL2_LiDAR/VA_Sandy_2014/LAZ/USGS_LPC_Virginia_SANDY_QL2_LiDAR_17SQC3914.laz"""">Download LPC</a>",USGS,"<a href=""""https://prd-tnm.s3.amazonaws.com/StagedProducts/Elevation/1m/Projects/VA_Sandy_2014/TIFF/USGS_one_meter_x73y422_VA_Sandy_2014.tif"""">Download DEM Block</a>",2205559.151380260009319,6632.032435261110550,6632.032435263986372,2205559.151380955241621
Current,2014,2878,23,17SQC3813,USGS,LAZ,"<a href=""""https://rockyweb.usgs.gov/vdelivery/Datasets/Staged/Elevation/LPC/Projects/Virginia_SANDY_QL2_LiDAR/VA_Sandy_2014/LAZ/USGS_LPC_Virginia_SANDY_QL2_LiDAR_17SQC3813.laz"""">Download LPC</a>",USGS,"<a href=""""https://prd-tnm.s3.amazonaws.com/StagedProducts/Elevation/1m/Projects/VA_Sandy_2014/TIFF/USGS_one_meter_x73y422_VA_Sandy_2014.tif"""">Download DEM Block</a>",1389754.365960049908608,5759.791539920884134,5759.791539920743162,1389754.365960033377632
Current,2014,2879,23,17SQC3913,USGS,LAZ,"<a href=""""https://rockyweb.usgs.gov/vdelivery/Datasets/Staged/Elevation/LPC/Projects/Virginia_SANDY_QL2_LiDAR/VA_Sandy_2014/LAZ/USGS_LPC_Virginia_SANDY_QL2_LiDAR_17SQC3913.laz"""">Download LPC</a>",USGS,"<a href=""""https://prd-tnm.s3.amazonaws.com/StagedProducts/Elevation/1m/Projects/VA_Sandy_2014/TIFF/USGS_one_meter_x73y422_VA_Sandy_2014.tif"""">Download DEM Block</a>",3628300.830419125035405,7613.503313005134260,7613.503313000143862,3628300.830413426272571
Current,2014,2919,23,17SQC3611,USGS,LAZ,"<a href=""""https://rockyweb.usgs.gov/vdelivery/Datasets/Staged/Elevation/LPC/Projects/Virginia_SANDY_QL2_LiDAR/VA_Sandy_2014/LAZ/USGS_LPC_Virginia_SANDY_QL2_LiDAR_17SQC3611.laz"""">Download LPC</a>",USGS,"<a href=""""https://prd-tnm.s3.amazonaws.com/StagedProducts/Elevation/1m/Projects/VA_Sandy_2014/TIFF/USGS_one_meter_x73y422_VA_Sandy_2014.tif"""">Download DEM Block</a>",697478.246212544967420,4080.379529455871761,4080.379529459096375,697478.246212944737636
Current,2014,2920,23,17SQC3811,USGS,LAZ,"<a href=""""https://rockyweb.usgs.gov/vdelivery/Datasets/Staged/Elevation/LPC/Projects/Virginia_SANDY_QL2_LiDAR/VA_Sandy_2014/LAZ/USGS_LPC_Virginia_SANDY_QL2_LiDAR_17SQC3811.laz"""">Download LPC</a>",USGS,"<a href=""""https://prd-tnm.s3.amazonaws.com/StagedProducts/Elevation/1m/Projects/VA_Sandy_2014/TIFF/USGS_one_meter_x73y422_VA_Sandy_2014.tif"""">Download DEM Block</a>",3503995.274245765060186,7330.810035813650757,7330.810035816484742,3503995.274248936679214
Current,2014,2961,23,17SQC3710,USGS,LAZ,"<a href=""""https://rockyweb.usgs.gov/vdelivery/Datasets/Staged/Elevation/LPC/Projects/Virginia_SANDY_QL2_LiDAR/VA_Sandy_2014/LAZ/USGS_LPC_Virginia_SANDY_QL2_LiDAR_17SQC3710.laz"""">Download LPC</a>",USGS,"<a href=""""https://prd-tnm.s3.amazonaws.com/StagedProducts/Elevation/1m/Projects/VA_Sandy_2014/TIFF/USGS_one_meter_x73y422_VA_Sandy_2014.tif"""">Download DEM Block</a>",2585573.410772609990090,6411.549890308539943,6411.549890309799594,2585573.410773334093392
Current,2016,10570,29,S13_3889_40,USGS,LAZ,"<a href=""""https://rockyweb.usgs.gov/vdelivery/Datasets/Staged/Elevation/LPC/Projects/VA_ChesapeakeBay_2015/VA_ChesapeakeBaySouth_2015/LAZ/USGS_LPC_VA_ChesapeakeBay_2015_LAS_S13_3889_40.laz"""">Download LPC</a>",USGS,"<a href=""""https://prd-tnm.s3.amazonaws.com/StagedProducts/Elevation/1m/Projects/VA_ChesapeakeBaySouth_2015/TIFF/USGS_one_meter_x69y421_VA_ChesapeakeBaySouth_2015.tif"""">Download DEM Block</a>",3747661.649427135009319,7743.568165274381499,7743.568165278637935,3747661.649431249126792
Current,2016,10571,29,S13_3889_30,USGS,LAZ,"<a href=""""https://rockyweb.usgs.gov/vdelivery/Datasets/Staged/Elevation/LPC/Projects/VA_ChesapeakeBay_2015/VA_ChesapeakeBaySouth_2015/LAZ/USGS_LPC_VA_ChesapeakeBay_2015_LAS_S13_3889_30.laz"""">Download LPC</a>",USGS,"<a href=""""https://prd-tnm.s3.amazonaws.com/StagedProducts/Elevation/1m/Projects/VA_ChesapeakeBaySouth_2015/TIFF/USGS_one_meter_x69y422_VA_ChesapeakeBaySouth_2015.tif"""">Download DEM Block</a>",3749033.967286389786750,7744.985791649060047,7744.985791646180587,3749033.967283620033413
Current,2016,10572,29,S13_3980_40,USGS,LAZ,"<a href=""""https://rockyweb.usgs.gov/vdelivery/Datasets/Staged/Elevation/LPC/Projects/VA_ChesapeakeBay_2015/VA_ChesapeakeBaySouth_2015/LAZ/USGS_LPC_VA_ChesapeakeBay_2015_LAS_S13_3980_40.laz"""">Download LPC</a>",USGS,"<a href=""""https://prd-tnm.s3.amazonaws.com/StagedProducts/Elevation/1m/Projects/VA_ChesapeakeBaySouth_2015/TIFF/USGS_one_meter_x69y422_VA_ChesapeakeBaySouth_2015.tif"""">Download DEM Block</a>",3750407.311266880016774,7746.404218714612398,7746.404218716257674,3750407.311268472112715
Current,2016,10573,29,S13_3980_30,USGS,LAZ,"<a href=""""https://rockyweb.usgs.gov/vdelivery/Datasets/Staged/Elevation/LPC/Projects/VA_ChesapeakeBay_2015/VA_ChesapeakeBaySouth_2015/LAZ/USGS_LPC_VA_ChesapeakeBay_2015_LAS_S13_3980_30.laz"""">Download LPC</a>",USGS,"<a href=""""https://prd-tnm.s3.amazonaws.com/StagedProducts/Elevation/1m/Projects/VA_ChesapeakeBaySouth_2015/TIFF/USGS_one_meter_x69y422_VA_ChesapeakeBaySouth_2015.tif"""">Download DEM Block</a>",3751781.003174025099725,7747.822744731564853,7747.822744730076920,3751781.003172585740685
Current,2016,10631,29,S13_3898_10,USGS,LAZ,"<a href=""""https://rockyweb.usgs.gov/vdelivery/Datasets/Staged/Elevation/LPC/Projects/VA_ChesapeakeBay_2015/VA_ChesapeakeBaySouth_2015/LAZ/USGS_LPC_VA_ChesapeakeBay_2015_LAS_S13_3898_10.laz"""">Download LPC</a>",USGS,"<a href=""""https://prd-tnm.s3.amazonaws.com/StagedProducts/Elevation/1m/Projects/VA_ChesapeakeBaySouth_2015/TIFF/USGS_one_meter_x69y421_VA_ChesapeakeBaySouth_2015.tif"""">Download DEM Block</a>",3744924.292900950182229,7740.739655737112116,7740.739655743494950,3744924.292907118331641
Current,2016,10632,29,S13_3898_20,USGS,LAZ,"<a href=""""https://rockyweb.usgs.gov/vdelivery/Datasets/Staged/Elevation/LPC/Projects/VA_ChesapeakeBay_2015/VA_ChesapeakeBaySouth_2015/LAZ/USGS_LPC_VA_ChesapeakeBay_2015_LAS_S13_3898_20.laz"""">Download LPC</a>",USGS,"<a href=""""https://prd-tnm.s3.amazonaws.com/StagedProducts/Elevation/1m/Projects/VA_ChesapeakeBaySouth_2015/TIFF/USGS_one_meter_x69y421_VA_ChesapeakeBaySouth_2015.tif"""">Download DEM Block</a>",3746294.945775085128844,7742.156079160645277,7742.156079160053196,3746294.945774513762444
Current,2016,10633,29,S13_3899_10,USGS,LAZ,"<a href=""""https://rockyweb.usgs.gov/vdelivery/Datasets/Staged/Elevation/LPC/Projects/VA_ChesapeakeBay_2015/VA_ChesapeakeBaySouth_2015/LAZ/USGS_LPC_VA_ChesapeakeBay_2015_LAS_S13_3899_10.laz"""">Download LPC</a>",USGS,"<a href=""""https://prd-tnm.s3.amazonaws.com/StagedProducts/Elevation/1m/Projects/VA_ChesapeakeBaySouth_2015/TIFF/USGS_one_meter_x69y421_VA_ChesapeakeBaySouth_2015.tif"""">Download DEM Block</a>",3747666.719890470150858,7743.573402916071245,7743.573402912526944,3747666.719887045677751
Current,2016,10634,29,S13_3899_20,USGS,LAZ,"<a href=""""https://rockyweb.usgs.gov/vdelivery/Datasets/Staged/Elevation/LPC/Projects/VA_ChesapeakeBay_2015/VA_ChesapeakeBaySouth_2015/LAZ/USGS_LPC_VA_ChesapeakeBay_2015_LAS_S13_3899_20.laz"""">Download LPC</a>",USGS,"<a href=""""https://prd-tnm.s3.amazonaws.com/StagedProducts/Elevation/1m/Projects/VA_ChesapeakeBaySouth_2015/TIFF/USGS_one_meter_x69y422_VA_ChesapeakeBaySouth_2015.tif"""">Download DEM Block</a>",3749038.842205150052905,7744.990826339706473,7744.990826338615989,3749038.842204087413847
Current,2016,10635,29,S13_3990_10,USGS,LAZ,"<a href=""""https://rockyweb.usgs.gov/vdelivery/Datasets/Staged/Elevation/LPC/Projects/VA_ChesapeakeBay_2015/VA_ChesapeakeBaySouth_2015/LAZ/USGS_LPC_VA_ChesapeakeBay_2015_LAS_S13_3990_10.laz"""">Download LPC</a>",USGS,"<a href=""""https://prd-tnm.s3.amazonaws.com/StagedProducts/Elevation/1m/Projects/VA_ChesapeakeBaySouth_2015/TIFF/USGS_one_meter_x69y422_VA_ChesapeakeBaySouth_2015.tif"""">Download DEM Block</a>",3750412.183146649971604,7746.409249767348228,7746.409249768916197,3750412.183148162905127
Current,2016,10636,29,S13_3990_20,USGS,LAZ,"<a href=""""https://rockyweb.usgs.gov/vdelivery/Datasets/Staged/Elevation/LPC/Projects/VA_ChesapeakeBay_2015/VA_ChesapeakeBaySouth_2015/LAZ/USGS_LPC_VA_ChesapeakeBay_2015_LAS_S13_3990_20.laz"""">Download LPC</a>",USGS,"<a href=""""https://prd-tnm.s3.amazonaws.com/StagedProducts/Elevation/1m/Projects/VA_ChesapeakeBaySouth_2015/TIFF/USGS_one_meter_x69y422_VA_ChesapeakeBaySouth_2015.tif"""">Download DEM Block</a>",3751785.776790780015290,7747.827673191234680,7747.827673189867710,3751785.776789461262524
Current,2016,10637,29,S13_3991_10,USGS,LAZ,"<a href=""""https://rockyweb.usgs.gov/vdelivery/Datasets/Staged/Elevation/LPC/Projects/VA_ChesapeakeBay_2015/VA_ChesapeakeBaySouth_2015/LAZ/USGS_LPC_VA_ChesapeakeBay_2015_LAS_S13_3991_10.laz"""">Download LPC</a>",USGS,"<a href=""""https://prd-tnm.s3.amazonaws.com/StagedProducts/Elevation/1m/Projects/VA_ChesapeakeBaySouth_2015/TIFF/USGS_one_meter_x69y422_VA_ChesapeakeBaySouth_2015.tif"""">Download DEM Block</a>",3753160.783094725105911,7749.247296623453622,7749.247296626417665,3753160.783097597304732
Current,2016,10693,29,S13_3897_40,USGS,LAZ,"<a href=""""https://rockyweb.usgs.gov/vdelivery/Datasets/Staged/Elevation/LPC/Projects/VA_ChesapeakeBay_2015/VA_ChesapeakeBaySouth_2015/LAZ/USGS_LPC_VA_ChesapeakeBay_2015_LAS_S13_3897_40.laz"""">Download LPC</a>",USGS,"<a href=""""https://prd-tnm.s3.amazonaws.com/StagedProducts/Elevation/1m/Projects/VA_ChesapeakeBaySouth_2015/TIFF/USGS_one_meter_x69y421_VA_ChesapeakeBaySouth_2015.tif"""">Download DEM Block</a>",3742188.972000305075198,7737.912217689001409,7737.912217690520265,3742188.972001769579947
Current,2016,10694,29,S13_3897_30,USGS,LAZ,"<a href=""""https://rockyweb.usgs.gov/vdelivery/Datasets/Staged/Elevation/LPC/Projects/VA_ChesapeakeBay_2015/VA_ChesapeakeBaySouth_2015/LAZ/USGS_LPC_VA_ChesapeakeBay_2015_LAS_S13_3897_30.laz"""">Download LPC</a>",USGS,"<a href=""""https://prd-tnm.s3.amazonaws.com/StagedProducts/Elevation/1m/Projects/VA_ChesapeakeBaySouth_2015/TIFF/USGS_one_meter_x69y421_VA_ChesapeakeBaySouth_2015.tif"""">Download DEM Block</a>",3743558.057939114980400,7739.327538649016788,7739.327538649131384,3743558.057939224410802
Current,2016,10695,29,S13_3898_40,USGS,LAZ,"<a href=""""https://rockyweb.usgs.gov/vdelivery/Datasets/Staged/Elevation/LPC/Projects/VA_ChesapeakeBay_2015/VA_ChesapeakeBaySouth_2015/LAZ/USGS_LPC_VA_ChesapeakeBay_2015_LAS_S13_3898_40.laz"""">Download LPC</a>",USGS,"<a href=""""https://prd-tnm.s3.amazonaws.com/StagedProducts/Elevation/1m/Projects/VA_ChesapeakeBaySouth_2015/TIFF/USGS_one_meter_x69y421_VA_ChesapeakeBaySouth_2015.tif"""">Download DEM Block</a>",3744928.553759379778057,7740.744059623896646,7740.744059624305919,3744928.553759772330523
Current,2016,10696,29,S13_3898_30,USGS,LAZ,"<a href=""""https://rockyweb.usgs.gov/vdelivery/Datasets/Staged/Elevation/LPC/Projects/VA_ChesapeakeBay_2015/VA_ChesapeakeBaySouth_2015/LAZ/USGS_LPC_VA_ChesapeakeBay_2015_LAS_S13_3898_30.laz"""">Download LPC</a>",USGS,"<a href=""""https://prd-tnm.s3.amazonaws.com/StagedProducts/Elevation/1m/Projects/VA_ChesapeakeBaySouth_2015/TIFF/USGS_one_meter_x69y421_VA_ChesapeakeBaySouth_2015.tif"""">Download DEM Block</a>",3746299.108462580014020,7742.160380590578825,7742.160380599061682,3746299.108470773324370
Current,2016,10697,29,S13_3899_40,USGS,LAZ,"<a href=""""https://rockyweb.usgs.gov/vdelivery/Datasets/Staged/Elevation/LPC/Projects/VA_ChesapeakeBay_2015/VA_ChesapeakeBaySouth_2015/LAZ/USGS_LPC_VA_ChesapeakeBay_2015_LAS_S13_3899_40.laz"""">Download LPC</a>",USGS,"<a href=""""https://prd-tnm.s3.amazonaws.com/StagedProducts/Elevation/1m/Projects/VA_ChesapeakeBaySouth_2015/TIFF/USGS_one_meter_x69y421_VA_ChesapeakeBaySouth_2015.tif"""">Download DEM Block</a>",3747671.073826875071973,7743.577901553936499,7743.577901542375002,3747671.073815712705255
Current,2016,10698,29,S13_3899_30,USGS,LAZ,"<a href=""""https://rockyweb.usgs.gov/vdelivery/Datasets/Staged/Elevation/LPC/Projects/VA_ChesapeakeBay_2015/VA_ChesapeakeBaySouth_2015/LAZ/USGS_LPC_VA_ChesapeakeBay_2015_LAS_S13_3899_30.laz"""">Download LPC</a>",USGS,"<a href=""""https://prd-tnm.s3.amazonaws.com/StagedProducts/Elevation/1m/Projects/VA_ChesapeakeBaySouth_2015/TIFF/USGS_one_meter_x69y422_VA_ChesapeakeBaySouth_2015.tif"""">Download DEM Block</a>",3749043.001645079813898,7744.995122836772680,7744.995122841073680,3749043.001649241894484
Current,2016,10699,29,S13_3990_40,USGS,LAZ,"<a href=""""https://rockyweb.usgs.gov/vdelivery/Datasets/Staged/Elevation/LPC/Projects/VA_ChesapeakeBay_2015/VA_ChesapeakeBaySouth_2015/LAZ/USGS_LPC_VA_ChesapeakeBay_2015_LAS_S13_3990_40.laz"""">Download LPC</a>",USGS,"<a href=""""https://prd-tnm.s3.amazonaws.com/StagedProducts/Elevation/1m/Projects/VA_ChesapeakeBaySouth_2015/TIFF/USGS_one_meter_x69y422_VA_ChesapeakeBaySouth_2015.tif"""">Download DEM Block</a>",3750416.437596229836345,7746.413643812079499,7746.413643818858873,3750416.437602787278593
Current,2016,10700,29,S13_3990_30,USGS,LAZ,"<a href=""""https://rockyweb.usgs.gov/vdelivery/Datasets/Staged/Elevation/LPC/Projects/VA_ChesapeakeBay_2015/VA_ChesapeakeBaySouth_2015/LAZ/USGS_LPC_VA_ChesapeakeBay_2015_LAS_S13_3990_30.laz"""">Download LPC</a>",USGS,"<a href=""""https://prd-tnm.s3.amazonaws.com/StagedProducts/Elevation/1m/Projects/VA_ChesapeakeBaySouth_2015/TIFF/USGS_one_meter_x69y422_VA_ChesapeakeBaySouth_2015.tif"""">Download DEM Block</a>",3751790.126689619850367,7747.832164790025672,7747.832164791832838,3751790.126691370271146
Current,2016,10701,29,S13_3991_40,USGS,LAZ,"<a href=""""https://rockyweb.usgs.gov/vdelivery/Datasets/Staged/Elevation/LPC/Projects/VA_ChesapeakeBay_2015/VA_ChesapeakeBaySouth_2015/LAZ/USGS_LPC_VA_ChesapeakeBay_2015_LAS_S13_3991_40.laz"""">Download LPC</a>",USGS,"<a href=""""https://prd-tnm.s3.amazonaws.com/StagedProducts/Elevation/1m/Projects/VA_ChesapeakeBaySouth_2015/TIFF/USGS_one_meter_x69y422_VA_ChesapeakeBaySouth_2015.tif"""">Download DEM Block</a>",3753165.034346925094724,7749.251685735339379,7749.251685732334408,3753165.034344018436968
Current,2016,10757,29,S13_4806_10,USGS,LAZ,"<a href=""""https://rockyweb.usgs.gov/vdelivery/Datasets/Staged/Elevation/LPC/Projects/VA_ChesapeakeBay_2015/VA_ChesapeakeBaySouth_2015/LAZ/USGS_LPC_VA_ChesapeakeBay_2015_LAS_S13_4806_10.laz"""">Download LPC</a>",USGS,"<a href=""""https://prd-tnm.s3.amazonaws.com/StagedProducts/Elevation/1m/Projects/VA_ChesapeakeBaySouth_2015/TIFF/USGS_one_meter_x69y421_VA_ChesapeakeBaySouth_2015.tif"""">Download DEM Block</a>",3739456.652892535086721,7735.086850289510039,7735.086850284978027,3739456.652888154610991
Current,2016,10758,29,S13_4806_20,USGS,LAZ,"<a href=""""https://rockyweb.usgs.gov/vdelivery/Datasets/Staged/Elevation/LPC/Projects/VA_ChesapeakeBay_2015/VA_ChesapeakeBaySouth_2015/LAZ/USGS_LPC_VA_ChesapeakeBay_2015_LAS_S13_4806_20.laz"""">Download LPC</a>",USGS,"<a href=""""https://prd-tnm.s3.amazonaws.com/StagedProducts/Elevation/1m/Projects/VA_ChesapeakeBaySouth_2015/TIFF/USGS_one_meter_x69y421_VA_ChesapeakeBaySouth_2015.tif"""">Download DEM Block</a>",3740824.172769655007869,7736.501068946525265,7736.501068948076863,3740824.172771147917956
Current,2016,10759,29,S13_4807_10,USGS,LAZ,"<a href=""""https://rockyweb.usgs.gov/vdelivery/Datasets/Staged/Elevation/LPC/Projects/VA_ChesapeakeBay_2015/VA_ChesapeakeBaySouth_2015/LAZ/USGS_LPC_VA_ChesapeakeBay_2015_LAS_S13_4807_10.laz"""">Download LPC</a>",USGS,"<a href=""""https://prd-tnm.s3.amazonaws.com/StagedProducts/Elevation/1m/Projects/VA_ChesapeakeBaySouth_2015/TIFF/USGS_one_meter_x69y421_VA_ChesapeakeBaySouth_2015.tif"""">Download DEM Block</a>",3742193.102117274887860,7737.916487593794045,7737.916487593782222,3742193.102117264177650
Current,2016,10760,29,S13_4807_20,USGS,LAZ,"<a href=""""https://rockyweb.usgs.gov/vdelivery/Datasets/Staged/Elevation/LPC/Projects/VA_ChesapeakeBay_2015/VA_ChesapeakeBaySouth_2015/LAZ/USGS_LPC_VA_ChesapeakeBay_2015_LAS_S13_4807_20.laz"""">Download LPC</a>",USGS,"<a href=""""https://prd-tnm.s3.amazonaws.com/StagedProducts/Elevation/1m/Projects/VA_ChesapeakeBaySouth_2015/TIFF/USGS_one_meter_x69y421_VA_ChesapeakeBaySouth_2015.tif"""">Download DEM Block</a>",3743562.089625310152769,7739.331706239274354,7739.331706238021070,3743562.089624099899083
Current,2016,10761,29,S13_4808_10,USGS,LAZ,"<a href=""""https://rockyweb.usgs.gov/vdelivery/Datasets/Staged/Elevation/LPC/Projects/VA_ChesapeakeBay_2015/VA_ChesapeakeBaySouth_2015/LAZ/USGS_LPC_VA_ChesapeakeBay_2015_LAS_S13_4808_10.laz"""">Download LPC</a>",USGS,"<a href=""""https://prd-tnm.s3.amazonaws.com/StagedProducts/Elevation/1m/Projects/VA_ChesapeakeBaySouth_2015/TIFF/USGS_one_meter_x69y421_VA_ChesapeakeBaySouth_2015.tif"""">Download DEM Block</a>",3744932.583081014920026,7740.748224007698809,7740.748224006711098,3744932.583080058917403
Current,2016,10762,29,S13_4808_20,USGS,LAZ,"<a href=""""https://rockyweb.usgs.gov/vdelivery/Datasets/Staged/Elevation/LPC/Projects/VA_ChesapeakeBay_2015/VA_ChesapeakeBaySouth_2015/LAZ/USGS_LPC_VA_ChesapeakeBay_2015_LAS_S13_4808_20.laz"""">Download LPC</a>",USGS,"<a href=""""https://prd-tnm.s3.amazonaws.com/StagedProducts/Elevation/1m/Projects/VA_ChesapeakeBaySouth_2015/TIFF/USGS_one_meter_x69y421_VA_ChesapeakeBaySouth_2015.tif"""">Download DEM Block</a>",3746303.233421999961138,7742.164643246159358,7742.164643254930525,3746303.233430475462228
Current,2016,10763,29,S13_4809_10,USGS,LAZ,"<a href=""""https://rockyweb.usgs.gov/vdelivery/Datasets/Staged/Elevation/LPC/Projects/VA_ChesapeakeBay_2015/VA_ChesapeakeBaySouth_2015/LAZ/USGS_LPC_VA_ChesapeakeBay_2015_LAS_S13_4809_10.laz"""">Download LPC</a>",USGS,"<a href=""""https://prd-tnm.s3.amazonaws.com/StagedProducts/Elevation/1m/Projects/VA_ChesapeakeBaySouth_2015/TIFF/USGS_one_meter_x69y421_VA_ChesapeakeBaySouth_2015.tif"""">Download DEM Block</a>",3747675.004397700075060,7743.581962186151941,7743.581962177103378,3747675.004388957750052
Current,2016,10764,29,S13_4809_20,USGS,LAZ,"<a href=""""https://rockyweb.usgs.gov/vdelivery/Datasets/Staged/Elevation/LPC/Projects/VA_ChesapeakeBay_2015/VA_ChesapeakeBaySouth_2015/LAZ/USGS_LPC_VA_ChesapeakeBay_2015_LAS_S13_4809_20.laz"""">Download LPC</a>",USGS,"<a href=""""https://prd-tnm.s3.amazonaws.com/StagedProducts/Elevation/1m/Projects/VA_ChesapeakeBaySouth_2015/TIFF/USGS_one_meter_x69y422_VA_ChesapeakeBaySouth_2015.tif"""">Download DEM Block</a>",3749047.220333389937878,7744.999480545539882,7744.999480546252016,3749047.220334071200341
Current,2016,10765,29,S13_4900_10,USGS,LAZ,"<a href=""""https://rockyweb.usgs.gov/vdelivery/Datasets/Staged/Elevation/LPC/Projects/VA_ChesapeakeBay_2015/VA_ChesapeakeBaySouth_2015/LAZ/USGS_LPC_VA_ChesapeakeBay_2015_LAS_S13_4900_10.laz"""">Download LPC</a>",USGS,"<a href=""""https://prd-tnm.s3.amazonaws.com/StagedProducts/Elevation/1m/Projects/VA_ChesapeakeBaySouth_2015/TIFF/USGS_one_meter_x69y422_VA_ChesapeakeBaySouth_2015.tif"""">Download DEM Block</a>",3750420.654928495176136,7746.417998896001336,7746.417998897317375,3750420.654929757118225
Current,2016,10766,29,S13_4900_20,USGS,LAZ,"<a href=""""https://rockyweb.usgs.gov/vdelivery/Datasets/Staged/Elevation/LPC/Projects/VA_ChesapeakeBay_2015/VA_ChesapeakeBaySouth_2015/LAZ/USGS_LPC_VA_ChesapeakeBay_2015_LAS_S13_4900_20.laz"""">Download LPC</a>",USGS,"<a href=""""https://prd-tnm.s3.amazonaws.com/StagedProducts/Elevation/1m/Projects/VA_ChesapeakeBaySouth_2015/TIFF/USGS_one_meter_x69y422_VA_ChesapeakeBaySouth_2015.tif"""">Download DEM Block</a>",3751794.341856670100242,7747.836517248626478,7747.836517248676500,3751794.341856713872403
Current,2016,10767,29,S13_4901_10,USGS,LAZ,"<a href=""""https://rockyweb.usgs.gov/vdelivery/Datasets/Staged/Elevation/LPC/Projects/VA_ChesapeakeBay_2015/VA_ChesapeakeBaySouth_2015/LAZ/USGS_LPC_VA_ChesapeakeBay_2015_LAS_S13_4901_10.laz"""">Download LPC</a>",USGS,"<a href=""""https://prd-tnm.s3.amazonaws.com/StagedProducts/Elevation/1m/Projects/VA_ChesapeakeBaySouth_2015/TIFF/USGS_one_meter_x69y422_VA_ChesapeakeBaySouth_2015.tif"""">Download DEM Block</a>",3753169.249302609823644,7749.256036789319296,7749.256036784554453,3753169.249298004433513
Current,2016,10768,29,S13_4901_20,USGS,LAZ,"<a href=""""https://rockyweb.usgs.gov/vdelivery/Datasets/Staged/Elevation/LPC/Projects/VA_ChesapeakeBay_2015/VA_ChesapeakeBaySouth_2015/LAZ/USGS_LPC_VA_ChesapeakeBay_2015_LAS_S13_4901_20.laz"""">Download LPC</a>",USGS,"<a href=""""https://prd-tnm.s3.amazonaws.com/StagedProducts/Elevation/1m/Projects/VA_ChesapeakeBaySouth_2015/TIFF/USGS_one_meter_x69y422_VA_ChesapeakeBaySouth_2015.tif"""">Download DEM Block</a>",3754544.408862295094877,7750.675555724769765,7750.675555726360471,3754544.408863832708448
Current,2016,10769,29,S13_4902_10,USGS,LAZ,"<a href=""""https://rockyweb.usgs.gov/vdelivery/Datasets/Staged/Elevation/LPC/Projects/VA_ChesapeakeBay_2015/VA_ChesapeakeBaySouth_2015/LAZ/USGS_LPC_VA_ChesapeakeBay_2015_LAS_S13_4902_10.laz"""">Download LPC</a>",USGS,"<a href=""""https://prd-tnm.s3.amazonaws.com/StagedProducts/Elevation/1m/Projects/VA_ChesapeakeBaySouth_2015/TIFF/USGS_one_meter_x69y422_VA_ChesapeakeBaySouth_2015.tif"""">Download DEM Block</a>",3755920.787928995210677,7752.096074093802599,7752.096074092620256,3755920.787927858065814
Current,2016,10770,29,S13_4902_20,USGS,LAZ,"<a href=""""https://rockyweb.usgs.gov/vdelivery/Datasets/Staged/Elevation/LPC/Projects/VA_ChesapeakeBay_2015/VA_ChesapeakeBaySouth_2015/LAZ/USGS_LPC_VA_ChesapeakeBay_2015_LAS_S13_4902_20.laz"""">Download LPC</a>",USGS,"<a href=""""https://prd-tnm.s3.amazonaws.com/StagedProducts/Elevation/1m/Projects/VA_ChesapeakeBaySouth_2015/TIFF/USGS_one_meter_x69y423_VA_ChesapeakeBaySouth_2015.tif"""">Download DEM Block</a>",3757297.613876159768552,7753.516792434099443,7753.516792440977952,3757297.613882818724960
Current,2016,10771,29,S13_4903_10,USGS,LAZ,"<a href=""""https://rockyweb.usgs.gov/vdelivery/Datasets/Staged/Elevation/LPC/Projects/VA_ChesapeakeBay_2015/VA_ChesapeakeBaySouth_2015/LAZ/USGS_LPC_VA_ChesapeakeBay_2015_LAS_S13_4903_10.laz"""">Download LPC</a>",USGS,"<a href=""""https://prd-tnm.s3.amazonaws.com/StagedProducts/Elevation/1m/Projects/VA_ChesapeakeBaySouth_2015/TIFF/USGS_one_meter_x69y423_VA_ChesapeakeBaySouth_2015.tif"""">Download DEM Block</a>",3758675.564408809877932,7754.938411678175726,7754.938411667346372,3758675.564398334827274
Current,2016,10772,29,S13_4903_20,USGS,LAZ,"<a href=""""https://rockyweb.usgs.gov/vdelivery/Datasets/Staged/Elevation/LPC/Projects/VA_ChesapeakeBay_2015/VA_ChesapeakeBaySouth_2015/LAZ/USGS_LPC_VA_ChesapeakeBay_2015_LAS_S13_4903_20.laz"""">Download LPC</a>",USGS,"<a href=""""https://prd-tnm.s3.amazonaws.com/StagedProducts/Elevation/1m/Projects/VA_ChesapeakeBaySouth_2015/TIFF/USGS_one_meter_x69y423_VA_ChesapeakeBaySouth_2015.tif"""">Download DEM Block</a>",3760053.574696850031614,7756.359830328879070,7756.359830336077721,3760053.574703808873892
Current,2016,10773,29,S13_4904_10,USGS,LAZ,"<a href=""""https://rockyweb.usgs.gov/vdelivery/Datasets/Staged/Elevation/LPC/Projects/VA_ChesapeakeBay_2015/VA_ChesapeakeBaySouth_2015/LAZ/USGS_LPC_VA_ChesapeakeBay_2015_LAS_S13_4904_10.laz"""">Download LPC</a>",USGS,"<a href=""""https://prd-tnm.s3.amazonaws.com/StagedProducts/Elevation/1m/Projects/VA_ChesapeakeBaySouth_2015/TIFF/USGS_one_meter_x69y423_VA_ChesapeakeBaySouth_2015.tif"""">Download DEM Block</a>",3761432.999186134897172,7757.782448965041112,7757.782448958447276,3761432.999179749749601
Current,2016,10774,29,S13_4904_20,USGS,LAZ,"<a href=""""https://rockyweb.usgs.gov/vdelivery/Datasets/Staged/Elevation/LPC/Projects/VA_ChesapeakeBay_2015/VA_ChesapeakeBaySouth_2015/LAZ/USGS_LPC_VA_ChesapeakeBay_2015_LAS_S13_4904_20.laz"""">Download LPC</a>",USGS,"<a href=""""https://prd-tnm.s3.amazonaws.com/StagedProducts/Elevation/1m/Projects/VA_ChesapeakeBaySouth_2015/TIFF/USGS_one_meter_x69y423_VA_ChesapeakeBaySouth_2015.tif"""">Download DEM Block</a>",3762812.774942949879915,7759.205167925540991,7759.205167932930635,3762812.774950104299933
Current,2016,10826,29,S13_4805_40,USGS,LAZ,"<a href=""""https://rockyweb.usgs.gov/vdelivery/Datasets/Staged/Elevation/LPC/Projects/VA_ChesapeakeBay_2015/VA_ChesapeakeBaySouth_2015/LAZ/USGS_LPC_VA_ChesapeakeBay_2015_LAS_S13_4805_40.laz"""">Download LPC</a>",USGS,"<a href=""""https://prd-tnm.s3.amazonaws.com/StagedProducts/Elevation/1m/Projects/VA_ChesapeakeBaySouth_2015/TIFF/USGS_one_meter_x69y420_VA_ChesapeakeBaySouth_2015.tif"""">Download DEM Block</a>",3736727.236411754973233,7732.263453037434374,7732.263453040734021,3736727.236414931248873
Current,2016,10827,29,S13_4805_30,USGS,LAZ,"<a href=""""https://rockyweb.usgs.gov/vdelivery/Datasets/Staged/Elevation/LPC/Projects/VA_ChesapeakeBay_2015/VA_ChesapeakeBaySouth_2015/LAZ/USGS_LPC_VA_ChesapeakeBay_2015_LAS_S13_4805_30.laz"""">Download LPC</a>",USGS,"<a href=""""https://prd-tnm.s3.amazonaws.com/StagedProducts/Elevation/1m/Projects/VA_ChesapeakeBaySouth_2015/TIFF/USGS_one_meter_x69y420_VA_ChesapeakeBaySouth_2015.tif"""">Download DEM Block</a>",3738093.288089559879154,7733.676669223755198,7733.676669216179107,3738093.288082245271653
Current,2016,10828,29,S13_4806_40,USGS,LAZ,"<a href=""""https://rockyweb.usgs.gov/vdelivery/Datasets/Staged/Elevation/LPC/Projects/VA_ChesapeakeBay_2015/VA_ChesapeakeBaySouth_2015/LAZ/USGS_LPC_VA_ChesapeakeBay_2015_LAS_S13_4806_40.laz"""">Download LPC</a>",USGS,"<a href=""""https://prd-tnm.s3.amazonaws.com/StagedProducts/Elevation/1m/Projects/VA_ChesapeakeBaySouth_2015/TIFF/USGS_one_meter_x69y421_VA_ChesapeakeBaySouth_2015.tif"""">Download DEM Block</a>",3739460.748996379785240,7735.091085970480890,7735.091085976086106,3739460.749001789372414
Current,2016,10829,29,S13_4806_30,USGS,LAZ,"<a href=""""https://rockyweb.usgs.gov/vdelivery/Datasets/Staged/Elevation/LPC/Projects/VA_ChesapeakeBay_2015/VA_ChesapeakeBaySouth_2015/LAZ/USGS_LPC_VA_ChesapeakeBay_2015_LAS_S13_4806_30.laz"""">Download LPC</a>",USGS,"<a href=""""https://prd-tnm.s3.amazonaws.com/StagedProducts/Elevation/1m/Projects/VA_ChesapeakeBaySouth_2015/TIFF/USGS_one_meter_x69y421_VA_ChesapeakeBaySouth_2015.tif"""">Download DEM Block</a>",3740828.460653774905950,7736.505502156098373,7736.505502161824552,3740828.460659304633737
Current,2016,10830,29,S13_4807_40,USGS,LAZ,"<a href=""""https://rockyweb.usgs.gov/vdelivery/Datasets/Staged/Elevation/LPC/Projects/VA_ChesapeakeBay_2015/VA_ChesapeakeBaySouth_2015/LAZ/USGS_LPC_VA_ChesapeakeBay_2015_LAS_S13_4807_40.laz"""">Download LPC</a>",USGS,"<a href=""""https://prd-tnm.s3.amazonaws.com/StagedProducts/Elevation/1m/Projects/VA_ChesapeakeBaySouth_2015/TIFF/USGS_one_meter_x69y421_VA_ChesapeakeBaySouth_2015.tif"""">Download DEM Block</a>",3742197.388406409882009,7737.920918339942546,7737.920918336616523,3742197.388403207063675
Current,2016,10831,29,S13_4807_30,USGS,LAZ,"<a href=""""https://rockyweb.usgs.gov/vdelivery/Datasets/Staged/Elevation/LPC/Projects/VA_ChesapeakeBay_2015/VA_ChesapeakeBaySouth_2015/LAZ/USGS_LPC_VA_ChesapeakeBay_2015_LAS_S13_4807_30.laz"""">Download LPC</a>",USGS,"<a href=""""https://prd-tnm.s3.amazonaws.com/StagedProducts/Elevation/1m/Projects/VA_ChesapeakeBaySouth_2015/TIFF/USGS_one_meter_x69y421_VA_ChesapeakeBaySouth_2015.tif"""">Download DEM Block</a>",3743566.375256120227277,7739.336135089824893,7739.336135089003619,3743566.375255328137428
Current,2016,10832,29,S13_4808_40,USGS,LAZ,"<a href=""""https://rockyweb.usgs.gov/vdelivery/Datasets/Staged/Elevation/LPC/Projects/VA_ChesapeakeBay_2015/VA_ChesapeakeBaySouth_2015/LAZ/USGS_LPC_VA_ChesapeakeBay_2015_LAS_S13_4808_40.laz"""">Download LPC</a>",USGS,"<a href=""""https://prd-tnm.s3.amazonaws.com/StagedProducts/Elevation/1m/Projects/VA_ChesapeakeBaySouth_2015/TIFF/USGS_one_meter_x69y421_VA_ChesapeakeBaySouth_2015.tif"""">Download DEM Block</a>",3744936.867836414836347,7740.752651533427525,7740.752651534762663,3744936.867837702855468
Current,2016,10833,29,S13_4808_30,USGS,LAZ,"<a href=""""https://rockyweb.usgs.gov/vdelivery/Datasets/Staged/Elevation/LPC/Projects/VA_ChesapeakeBay_2015/VA_ChesapeakeBaySouth_2015/LAZ/USGS_LPC_VA_ChesapeakeBay_2015_LAS_S13_4808_30.laz"""">Download LPC</a>",USGS,"<a href=""""https://prd-tnm.s3.amazonaws.com/StagedProducts/Elevation/1m/Projects/VA_ChesapeakeBaySouth_2015/TIFF/USGS_one_meter_x69y421_VA_ChesapeakeBaySouth_2015.tif"""">Download DEM Block</a>",3746307.322049424983561,7742.168867738357221,7742.168867740489986,3746307.322051481343806
Current,2016,10834,29,S13_4809_40,USGS,LAZ,"<a href=""""https://rockyweb.usgs.gov/vdelivery/Datasets/Staged/Elevation/LPC/Projects/VA_ChesapeakeBay_2015/VA_ChesapeakeBaySouth_2015/LAZ/USGS_LPC_VA_ChesapeakeBay_2015_LAS_S13_4809_40.laz"""">Download LPC</a>",USGS,"<a href=""""https://prd-tnm.s3.amazonaws.com/StagedProducts/Elevation/1m/Projects/VA_ChesapeakeBaySouth_2015/TIFF/USGS_one_meter_x69y421_VA_ChesapeakeBaySouth_2015.tif"""">Download DEM Block</a>",3747679.091777400113642,7743.586184208078521,7743.586184199799391,3747679.091769402846694
Current,2016,10835,29,S13_4809_30,USGS,LAZ,"<a href=""""https://rockyweb.usgs.gov/vdelivery/Datasets/Staged/Elevation/LPC/Projects/VA_ChesapeakeBay_2015/VA_ChesapeakeBaySouth_2015/LAZ/USGS_LPC_VA_ChesapeakeBay_2015_LAS_S13_4809_30.laz"""">Download LPC</a>",USGS,"<a href=""""https://prd-tnm.s3.amazonaws.com/StagedProducts/Elevation/1m/Projects/VA_ChesapeakeBaySouth_2015/TIFF/USGS_one_meter_x69y422_VA_ChesapeakeBaySouth_2015.tif"""">Download DEM Block</a>",3749051.500255969818681,7745.003900671401425,7745.003900678129867,3749051.500262477435172
Current,2016,10836,29,S13_4900_40,USGS,LAZ,"<a href=""""https://rockyweb.usgs.gov/vdelivery/Datasets/Staged/Elevation/LPC/Projects/VA_ChesapeakeBay_2015/VA_ChesapeakeBaySouth_2015/LAZ/USGS_LPC_VA_ChesapeakeBay_2015_LAS_S13_4900_40.laz"""">Download LPC</a>",USGS,"<a href=""""https://prd-tnm.s3.amazonaws.com/StagedProducts/Elevation/1m/Projects/VA_ChesapeakeBaySouth_2015/TIFF/USGS_one_meter_x69y422_VA_ChesapeakeBaySouth_2015.tif"""">Download DEM Block</a>",3750424.933806499931961,7746.422417133691852,7746.422417133585441,3750424.933806402608752
Current,2016,10837,29,S13_4900_30,USGS,LAZ,"<a href=""""https://rockyweb.usgs.gov/vdelivery/Datasets/Staged/Elevation/LPC/Projects/VA_ChesapeakeBay_2015/VA_ChesapeakeBaySouth_2015/LAZ/USGS_LPC_VA_ChesapeakeBay_2015_LAS_S13_4900_30.laz"""">Download LPC</a>",USGS,"<a href=""""https://prd-tnm.s3.amazonaws.com/StagedProducts/Elevation/1m/Projects/VA_ChesapeakeBaySouth_2015/TIFF/USGS_one_meter_x69y422_VA_ChesapeakeBaySouth_2015.tif"""">Download DEM Block</a>",3751798.425995124969631,7747.840733587247087,7747.840733589942829,3751798.425997734069824
Current,2016,10838,29,S13_4901_40,USGS,LAZ,"<a href=""""https://rockyweb.usgs.gov/vdelivery/Datasets/Staged/Elevation/LPC/Projects/VA_ChesapeakeBay_2015/VA_ChesapeakeBaySouth_2015/LAZ/USGS_LPC_VA_ChesapeakeBay_2015_LAS_S13_4901_40.laz"""">Download LPC</a>",USGS,"<a href=""""https://prd-tnm.s3.amazonaws.com/StagedProducts/Elevation/1m/Projects/VA_ChesapeakeBaySouth_2015/TIFF/USGS_one_meter_x69y422_VA_ChesapeakeBaySouth_2015.tif"""">Download DEM Block</a>",3753173.427204329986125,7749.260349789092288,7749.260349788697567,3753173.427203948609531
Current,2016,10839,29,S13_4901_30,USGS,LAZ,"<a href=""""https://rockyweb.usgs.gov/vdelivery/Datasets/Staged/Elevation/LPC/Projects/VA_ChesapeakeBay_2015/VA_ChesapeakeBaySouth_2015/LAZ/USGS_LPC_VA_ChesapeakeBay_2015_LAS_S13_4901_30.laz"""">Download LPC</a>",USGS,"<a href=""""https://prd-tnm.s3.amazonaws.com/StagedProducts/Elevation/1m/Projects/VA_ChesapeakeBaySouth_2015/TIFF/USGS_one_meter_x69y422_VA_ChesapeakeBaySouth_2015.tif"""">Download DEM Block</a>",3754548.489119499921799,7750.679766527943684,7750.679766521030615,3754548.489112810231745
Current,2016,10840,29,S13_4902_40,USGS,LAZ,"<a href=""""https://rockyweb.usgs.gov/vdelivery/Datasets/Staged/Elevation/LPC/Projects/VA_ChesapeakeBay_2015/VA_ChesapeakeBaySouth_2015/LAZ/USGS_LPC_VA_ChesapeakeBay_2015_LAS_S13_4902_40.laz"""">Download LPC</a>",USGS,"<a href=""""https://prd-tnm.s3.amazonaws.com/StagedProducts/Elevation/1m/Projects/VA_ChesapeakeBaySouth_2015/TIFF/USGS_one_meter_x69y422_VA_ChesapeakeBaySouth_2015.tif"""">Download DEM Block</a>",3755924.962995945010334,7752.100382158702814,7752.100382163730501,3755924.963000799529254
Current,2016,10841,29,S13_4902_30,USGS,LAZ,"<a href=""""https://rockyweb.usgs.gov/vdelivery/Datasets/Staged/Elevation/LPC/Projects/VA_ChesapeakeBay_2015/VA_ChesapeakeBaySouth_2015/LAZ/USGS_LPC_VA_ChesapeakeBay_2015_LAS_S13_4902_30.laz"""">Download LPC</a>",USGS,"<a href=""""https://prd-tnm.s3.amazonaws.com/StagedProducts/Elevation/1m/Projects/VA_ChesapeakeBaySouth_2015/TIFF/USGS_one_meter_x69y423_VA_ChesapeakeBaySouth_2015.tif"""">Download DEM Block</a>",3757301.594578980002552,7753.520899176207422,7753.520899174734950,3757301.594577556475997
Current,2016,10842,29,S13_4903_40,USGS,LAZ,"<a href=""""https://rockyweb.usgs.gov/vdelivery/Datasets/Staged/Elevation/LPC/Projects/VA_ChesapeakeBay_2015/VA_ChesapeakeBaySouth_2015/LAZ/USGS_LPC_VA_ChesapeakeBay_2015_LAS_S13_4903_40.laz"""">Download LPC</a>",USGS,"<a href=""""https://prd-tnm.s3.amazonaws.com/StagedProducts/Elevation/1m/Projects/VA_ChesapeakeBaySouth_2015/TIFF/USGS_one_meter_x69y423_VA_ChesapeakeBaySouth_2015.tif"""">Download DEM Block</a>",3758679.639884429983795,7754.942615645066326,7754.942615636895425,3758679.639876529108733
Current,2016,10843,29,S13_4903_30,USGS,LAZ,"<a href=""""https://rockyweb.usgs.gov/vdelivery/Datasets/Staged/Elevation/LPC/Projects/VA_ChesapeakeBay_2015/VA_ChesapeakeBaySouth_2015/LAZ/USGS_LPC_VA_ChesapeakeBay_2015_LAS_S13_4903_30.laz"""">Download LPC</a>",USGS,"<a href=""""https://prd-tnm.s3.amazonaws.com/StagedProducts/Elevation/1m/Projects/VA_ChesapeakeBaySouth_2015/TIFF/USGS_one_meter_x69y423_VA_ChesapeakeBaySouth_2015.tif"""">Download DEM Block</a>",3760057.745554754976183,7756.364132109984894,7756.364132115961183,3760057.745560539886355
Current,2016,10844,29,S13_4904_40,USGS,LAZ,"<a href=""""https://rockyweb.usgs.gov/vdelivery/Datasets/Staged/Elevation/LPC/Projects/VA_ChesapeakeBay_2015/VA_ChesapeakeBaySouth_2015/LAZ/USGS_LPC_VA_ChesapeakeBay_2015_LAS_S13_4904_40.laz"""">Download LPC</a>",USGS,"<a href=""""https://prd-tnm.s3.amazonaws.com/StagedProducts/Elevation/1m/Projects/VA_ChesapeakeBaySouth_2015/TIFF/USGS_one_meter_x69y423_VA_ChesapeakeBaySouth_2015.tif"""">Download DEM Block</a>",3761437.266806399915367,7757.786849136900855,7757.786849141938546,3761437.266811278183013
Current,2016,10845,29,S13_4904_30,USGS,LAZ,"<a href=""""https://rockyweb.usgs.gov/vdelivery/Datasets/Staged/Elevation/LPC/Projects/VA_ChesapeakeBay_2015/VA_ChesapeakeBaySouth_2015/LAZ/USGS_LPC_VA_ChesapeakeBay_2015_LAS_S13_4904_30.laz"""">Download LPC</a>",USGS,"<a href=""""https://prd-tnm.s3.amazonaws.com/StagedProducts/Elevation/1m/Projects/VA_ChesapeakeBaySouth_2015/TIFF/USGS_one_meter_x69y423_VA_ChesapeakeBaySouth_2015.tif"""">Download DEM Block</a>",3762817.138264575041831,7759.209665321780449,7759.209665321996908,3762817.138264785055071
Current,2016,10846,29,S13_4905_40,USGS,LAZ,"<a href=""""https://rockyweb.usgs.gov/vdelivery/Datasets/Staged/Elevation/LPC/Projects/VA_ChesapeakeBay_2015/VA_ChesapeakeBaySouth_2015/LAZ/USGS_LPC_VA_ChesapeakeBay_2015_LAS_S13_4905_40.laz"""">Download LPC</a>",USGS,"<a href=""""https://prd-tnm.s3.amazonaws.com/StagedProducts/Elevation/1m/Projects/VA_ChesapeakeBaySouth_2015/TIFF/USGS_one_meter_x69y423_VA_ChesapeakeBaySouth_2015.tif"""">Download DEM Block</a>",3764197.941088890191168,7760.633181773541764,7760.633181764002074,3764197.941079651471227
Current,2016,10847,29,S13_4905_30,USGS,LAZ,"<a href=""""https://rockyweb.usgs.gov/vdelivery/Datasets/Staged/Elevation/LPC/Projects/VA_ChesapeakeBay_2015/VA_ChesapeakeBaySouth_2015/LAZ/USGS_LPC_VA_ChesapeakeBay_2015_LAS_S13_4905_30.laz"""">Download LPC</a>",USGS,"<a href=""""https://prd-tnm.s3.amazonaws.com/StagedProducts/Elevation/1m/Projects/VA_ChesapeakeBaySouth_2015/TIFF/USGS_one_meter_x69y423_VA_ChesapeakeBaySouth_2015.tif"""">Download DEM Block</a>",3765579.385717295110226,7762.057098255537312,7762.057098261680949,3765579.385723241139203
Current,2016,10848,29,S13_4906_40,USGS,LAZ,"<a href=""""https://rockyweb.usgs.gov/vdelivery/Datasets/Staged/Elevation/LPC/Projects/VA_ChesapeakeBay_2015/VA_ChesapeakeBaySouth_2015/LAZ/USGS_LPC_VA_ChesapeakeBay_2015_LAS_S13_4906_40.laz"""">Download LPC</a>",USGS,"<a href=""""https://prd-tnm.s3.amazonaws.com/StagedProducts/Elevation/1m/Projects/VA_ChesapeakeBaySouth_2015/TIFF/USGS_one_meter_x69y424_VA_ChesapeakeBaySouth_2015.tif"""">Download DEM Block</a>",3766961.472365384921432,7763.481414708098782,7763.481414708719967,3766961.472365984227508
Current,2016,10898,29,S13_4814_10,USGS,LAZ,"<a href=""""https://rockyweb.usgs.gov/vdelivery/Datasets/Staged/Elevation/LPC/Projects/VA_ChesapeakeBay_2015/VA_ChesapeakeBaySouth_2015/LAZ/USGS_LPC_VA_ChesapeakeBay_2015_LAS_S13_4814_10.laz"""">Download LPC</a>",USGS,"<a href=""""https://prd-tnm.s3.amazonaws.com/StagedProducts/Elevation/1m/Projects/VA_ChesapeakeBaySouth_2015/TIFF/USGS_one_meter_x69y420_VA_ChesapeakeBaySouth_2015.tif"""">Download DEM Block</a>",3734000.042139815166593,7729.441325293016234,7729.441325300587778,3734000.042147110216320
Current,2016,10899,29,S13_4814_20,USGS,LAZ,"<a href=""""https://rockyweb.usgs.gov/vdelivery/Datasets/Staged/Elevation/LPC/Projects/VA_ChesapeakeBay_2015/VA_ChesapeakeBaySouth_2015/LAZ/USGS_LPC_VA_ChesapeakeBay_2015_LAS_S13_4814_20.laz"""">Download LPC</a>",USGS,"<a href=""""https://prd-tnm.s3.amazonaws.com/StagedProducts/Elevation/1m/Projects/VA_ChesapeakeBaySouth_2015/TIFF/USGS_one_meter_x69y420_VA_ChesapeakeBaySouth_2015.tif"""">Download DEM Block</a>",3735364.723900179844350,7730.853639973789541,7730.853639970167023,3735364.723896678537130
Current,2016,10900,29,S13_4815_10,USGS,LAZ,"<a href=""""https://rockyweb.usgs.gov/vdelivery/Datasets/Staged/Elevation/LPC/Projects/VA_ChesapeakeBay_2015/VA_ChesapeakeBaySouth_2015/LAZ/USGS_LPC_VA_ChesapeakeBay_2015_LAS_S13_4815_10.laz"""">Download LPC</a>",USGS,"<a href=""""https://prd-tnm.s3.amazonaws.com/StagedProducts/Elevation/1m/Projects/VA_ChesapeakeBaySouth_2015/TIFF/USGS_one_meter_x69y420_VA_ChesapeakeBaySouth_2015.tif"""">Download DEM Block</a>",3736730.716410280205309,7732.267053871466487,7732.267053865930393,3736730.716404941398650
Current,2016,10901,29,S13_4815_20,USGS,LAZ,"<a href=""""https://rockyweb.usgs.gov/vdelivery/Datasets/Staged/Elevation/LPC/Projects/VA_ChesapeakeBay_2015/VA_ChesapeakeBaySouth_2015/LAZ/USGS_LPC_VA_ChesapeakeBay_2015_LAS_S13_4815_20.laz"""">Download LPC</a>",USGS,"<a href=""""https://prd-tnm.s3.amazonaws.com/StagedProducts/Elevation/1m/Projects/VA_ChesapeakeBaySouth_2015/TIFF/USGS_one_meter_x69y420_VA_ChesapeakeBaySouth_2015.tif"""">Download DEM Block</a>",3738096.767011830117553,7733.680268286288083,7733.680268286627324,3738096.767012166325003
Current,2016,10902,29,S13_4816_10,USGS,LAZ,"<a href=""""https://rockyweb.usgs.gov/vdelivery/Datasets/Staged/Elevation/LPC/Projects/VA_ChesapeakeBay_2015/VA_ChesapeakeBaySouth_2015/LAZ/USGS_LPC_VA_ChesapeakeBay_2015_LAS_S13_4816_10.laz"""">Download LPC</a>",USGS,"<a href=""""https://prd-tnm.s3.amazonaws.com/StagedProducts/Elevation/1m/Projects/VA_ChesapeakeBaySouth_2015/TIFF/USGS_one_meter_x69y421_VA_ChesapeakeBaySouth_2015.tif"""">Download DEM Block</a>",3739464.129166970029473,7735.094582439613077,7735.094582451431052,3739464.129178379196674
Current,2016,10903,29,S13_4816_20,USGS,LAZ,"<a href=""""https://rockyweb.usgs.gov/vdelivery/Datasets/Staged/Elevation/LPC/Projects/VA_ChesapeakeBay_2015/VA_ChesapeakeBaySouth_2015/LAZ/USGS_LPC_VA_ChesapeakeBay_2015_LAS_S13_4816_20.laz"""">Download LPC</a>",USGS,"<a href=""""https://prd-tnm.s3.amazonaws.com/StagedProducts/Elevation/1m/Projects/VA_ChesapeakeBaySouth_2015/TIFF/USGS_one_meter_x69y421_VA_ChesapeakeBaySouth_2015.tif"""">Download DEM Block</a>",3740831.645817425101995,7736.508796346541203,7736.508796347645330,3740831.645818494260311
Current,2016,10904,29,S13_4817_10,USGS,LAZ,"<a href=""""https://rockyweb.usgs.gov/vdelivery/Datasets/Staged/Elevation/LPC/Projects/VA_ChesapeakeBay_2015/VA_ChesapeakeBaySouth_2015/LAZ/USGS_LPC_VA_ChesapeakeBay_2015_LAS_S13_4817_10.laz"""">Download LPC</a>",USGS,"<a href=""""https://prd-tnm.s3.amazonaws.com/StagedProducts/Elevation/1m/Projects/VA_ChesapeakeBaySouth_2015/TIFF/USGS_one_meter_x69y421_VA_ChesapeakeBaySouth_2015.tif"""">Download DEM Block</a>",3742200.668711849953979,7737.924310499234707,7737.924310491151118,3742200.668704045936465
Current,2016,10905,29,S13_4817_20,USGS,LAZ,"<a href=""""https://rockyweb.usgs.gov/vdelivery/Datasets/Staged/Elevation/LPC/Projects/VA_ChesapeakeBay_2015/VA_ChesapeakeBaySouth_2015/LAZ/USGS_LPC_VA_ChesapeakeBay_2015_LAS_S13_4817_20.laz"""">Download LPC</a>",USGS,"<a href=""""https://prd-tnm.s3.amazonaws.com/StagedProducts/Elevation/1m/Projects/VA_ChesapeakeBaySouth_2015/TIFF/USGS_one_meter_x69y421_VA_ChesapeakeBaySouth_2015.tif"""">Download DEM Block</a>",3743569.653507755137980,7739.339524914508729,7739.339524920107579,3743569.653513160068542
